Designator,Mid X,Mid Y,Layer,Rotation
C1,8.5000mm,-69.0000mm,Top,180.0
C2,11.4000mm,-66.2000mm,Top,90.0
C3,5.3000mm,-64.2000mm,Top,90.0
C4,13.6000mm,-59.6000mm,Top,0.0
C5,53.2500mm,-78.0000mm,Top,90.0
C6,95.5000mm,-41.2500mm,Top,90.0
C7,51.7500mm,-36.0000mm,Top,0.0
C8,39.7500mm,-20.0000mm,Top,0.0
C9,55.0000mm,-38.7500mm,Top,90.0
C10,51.0000mm,-32.5000mm,Top,90.0
C11,37.2500mm,-40.0000mm,Top,0.0
C12,53.2500mm,-49.0000mm,Top,0.0
C13,21.0000mm,-13.2500mm,Top,90.0
C42,33.2500mm,-40.0000mm,Top,0.0
C43,29.7500mm,-38.7500mm,Top,90.0
C44,38.2500mm,-42.5000mm,Top,0.0
C45,30.0000mm,-24.0000mm,Top,0.0
C46,92.7500mm,-28.5000mm,Top,90.0
C47,92.0000mm,-32.0000mm,Top,0.0
C48,17.5000mm,-65.3000mm,Top,180.0
C49,27.0000mm,-72.2000mm,Top,0.0
C50,27.0000mm,-69.6000mm,Top,0.0
C51,32.6000mm,-64.0000mm,Top,-90.0
C52,37.3000mm,-63.5800mm,Top,90.0
C53,38.8500mm,-64.4000mm,Top,90.0
C54,41.9500mm,-61.1500mm,Top,90.0
C55,40.4000mm,-64.2000mm,Top,90.0
C56,36.6000mm,-74.9000mm,Top,180.0
C57,36.6000mm,-77.0000mm,Top,180.0
C58,36.6000mm,-70.7000mm,Top,180.0
C59,36.6000mm,-72.8000mm,Top,180.0
C60,47.8000mm,-72.5000mm,Top,-90.0
C61,57.2500mm,-48.5000mm,Top,0.0
C62,63.7500mm,-13.5000mm,Top,90.0
C63,65.2500mm,-17.7500mm,Top,90.0
C80,46.5000mm,-52.2500mm,Top,90.0
C81,44.0000mm,-19.7500mm,Top,0.0
C82,36.2500mm,-19.2500mm,Top,90.0
C83,39.7500mm,-17.5000mm,Top,0.0
C84,43.7500mm,-17.0000mm,Top,0.0
C85,30.2500mm,-21.2500mm,Top,0.0
C86,39.0000mm,-15.0000mm,Top,0.0
C87,55.0000mm,-34.7500mm,Top,90.0
C88,43.0000mm,-14.5000mm,Top,0.0
C89,44.2500mm,-43.5000mm,Top,0.0
C90,35.5000mm,-15.2500mm,Top,90.0
C91,47.0000mm,-14.5000mm,Top,0.0
C92,34.2500mm,-42.5000mm,Top,0.0
C93,40.0000mm,-45.0000mm,Top,0.0
C94,48.2500mm,-44.0000mm,Top,0.0
C95,44.2500mm,-46.0000mm,Top,0.0
C96,26.7500mm,-23.2500mm,Top,90.0
C97,39.0000mm,-12.5000mm,Top,0.0
C98,51.0000mm,-15.0000mm,Top,0.0
C99,36.0000mm,-45.2500mm,Top,0.0
C100,43.0000mm,-54.0000mm,Top,0.0
C101,10.0000mm,-57.7500mm,Top,0.0
C102,53.5000mm,-30.5000mm,Top,90.0
C103,43.8500mm,-57.5000mm,Top,90.0
C104,26.6000mm,-63.1000mm,Top,0.0
D1,41.2500mm,-81.0000mm,Top,90.0
D2,4.7500mm,-53.7500mm,Top,90.0
D4,50.0000mm,-86.5000mm,Top,0.0
D5,63.2500mm,-76.0000mm,Top,90.0
D6,80.2500mm,-39.7500mm,Top,90.0
D7,17.7500mm,-93.5000mm,Top,0.0
D8,63.5000mm,-70.2500mm,Top,0.0
D9,20.5000mm,-53.7500mm,Top,90.0
D10,2.7500mm,-80.0000mm,Top,0.0
D11,11.0000mm,-93.5000mm,Top,0.0
D12,3.0000mm,-76.0000mm,Top,90.0
D13,29.2500mm,-78.2500mm,Top,0.0
D14,8.5000mm,-75.1500mm,Top,90.0
D15,39.7500mm,-59.2500mm,Top,90.0
D16,63.7500mm,-62.7500mm,Top,90.0
F1,35.7500mm,-79.5000mm,Top,0.0
F2,47.0000mm,-81.7500mm,Top,0.0
F3,67.7500mm,-76.5000mm,Top,90.0
F4,27.7350mm,-86.2050mm,Top,90.0
F6,76.0000mm,-34.0000mm,Top,0.0
J1,5.1250mm,-84.6450mm,Top,0.0
J2,13.6450mm,-6.7650mm,Top,90.0
J5,13.4950mm,-13.6450mm,Top,0.0
J7,81.2950mm,-96.1550mm,Top,0.0
J8,57.6150mm,-95.3750mm,Top,90.0
J10,78.1900mm,-27.6300mm,Top,90.0
J12,67.6950mm,-96.1550mm,Top,0.0
J13,77.6950mm,-5.5450mm,Top,180.0
J14,96.1250mm,-20.3950mm,Top,90.0
J18,3.9950mm,-13.8950mm,Top,0.0
J21,74.8150mm,-61.8150mm,Top,0.0
J22,2.3150mm,-59.8150mm,Top,0.0
J23,59.1150mm,-41.1850mm,Top,180.0
J25,66.6150mm,-58.1750mm,Top,180.0
J27,22.1400mm,-24.0650mm,Top,-90.0
JP1,55.8150mm,-70.3150mm,Top,0.0
L1,9.0000mm,-61.5000mm,Top,0.0
L3,30.7000mm,-55.5000mm,Top,0.0
L5,24.5000mm,-31.7500mm,Top,90.0
Q1,14.5000mm,-79.0000mm,Top,0.0
Q2,57.0000mm,-76.6000mm,Top,0.0
Q3,57.0000mm,-81.4000mm,Top,0.0
Q10,21.0000mm,-76.2400mm,Top,-90.0
Q11,25.0000mm,-66.2000mm,Top,-90.0
Q12,29.6000mm,-66.2000mm,Top,90.0
R1,5.3000mm,-67.6000mm,Top,90.0
R2,2.7000mm,-70.1000mm,Top,180.0
R3,83.5000mm,-34.7500mm,Top,0.0
R4,96.2500mm,-44.5000mm,Top,0.0
R5,13.7500mm,-73.0000mm,Top,90.0
R6,52.5000mm,-46.5000mm,Top,0.0
R7,57.5000mm,-12.2500mm,Top,0.0
R8,26.0000mm,-16.0000mm,Top,0.0
R9,59.2500mm,-71.7500mm,Top,90.0
R10,52.2500mm,-44.0000mm,Top,0.0
R11,55.5000mm,-42.7500mm,Top,90.0
R12,27.2500mm,-38.7500mm,Top,90.0
R13,53.0000mm,-82.0000mm,Top,90.0
R14,60.7500mm,-82.5000mm,Top,90.0
R15,63.2500mm,-82.5000mm,Top,90.0
R16,30.2500mm,-42.5000mm,Top,0.0
R18,14.0000mm,-76.0000mm,Top,0.0
R19,19.5000mm,-59.2500mm,Top,0.0
R23,92.2500mm,-11.0000mm,Top,0.0
R24,88.7500mm,-10.2500mm,Top,90.0
R29,2.5000mm,-72.0000mm,Top,0.0
R30,48.2500mm,-46.5000mm,Top,0.0
R31,8.0000mm,-45.0000mm,Top,0.0
R32,24.7500mm,-35.7500mm,Top,90.0
R33,24.0000mm,-28.7500mm,Top,0.0
R34,26.7500mm,-19.2500mm,Top,90.0
R35,22.2500mm,-35.7500mm,Top,90.0
R37,12.7500mm,-33.0000mm,Top,0.0
R38,9.0000mm,-28.2500mm,Top,90.0
R39,5.7500mm,-27.5000mm,Top,0.0
R40,2.5000mm,-28.2500mm,Top,90.0
R42,60.7500mm,-44.7500mm,Top,0.0
R43,67.7500mm,-31.0000mm,Top,90.0
R44,68.7500mm,-27.5000mm,Top,0.0
R45,70.2500mm,-31.0000mm,Top,90.0
R46,24.7500mm,-40.0000mm,Top,90.0
R47,66.0000mm,-21.7500mm,Top,0.0
R56,66.2500mm,-89.0000mm,Top,90.0
R58,31.7500mm,-45.0000mm,Top,0.0
R59,67.0000mm,-92.2500mm,Top,0.0
R60,41.0000mm,-48.2500mm,Top,90.0
R61,71.0000mm,-92.2500mm,Top,0.0
R62,32.2500mm,-12.2500mm,Top,0.0
R63,74.2500mm,-91.5000mm,Top,90.0
R64,51.0000mm,-12.5000mm,Top,0.0
R65,76.7500mm,-91.5000mm,Top,90.0
R66,31.5000mm,-70.7500mm,Top,0.0
R67,46.6000mm,-64.2000mm,Top,90.0
R68,33.8800mm,-70.5500mm,Top,-90.0
R69,43.5000mm,-64.2000mm,Top,90.0
R70,45.0500mm,-64.2000mm,Top,90.0
R71,41.9500mm,-64.2000mm,Top,90.0
R72,39.7500mm,-54.7500mm,Top,90.0
R73,27.0000mm,-44.0000mm,Top,90.0
R74,42.0000mm,-72.5000mm,Top,-90.0
R79,5.7500mm,-30.0000mm,Top,0.0
R80,54.2500mm,-14.0000mm,Top,90.0
R81,56.7500mm,-53.7500mm,Top,0.0
R82,45.0000mm,-49.0000mm,Top,0.0
R83,72.5000mm,-26.5000mm,Top,0.0
R84,72.7500mm,-30.0000mm,Top,90.0
R85,49.0000mm,-49.0000mm,Top,0.0
R86,27.7500mm,-47.2500mm,Top,0.0
R87,57.5000mm,-14.7500mm,Top,0.0
R88,28.2500mm,-12.2500mm,Top,0.0
R89,56.7500mm,-46.0000mm,Top,0.0
R90,22.7500mm,-17.2500mm,Top,90.0
R91,65.2500mm,-29.5000mm,Top,90.0
R92,65.2500mm,-25.0000mm,Top,90.0
R93,42.2500mm,-51.5000mm,Top,0.0
R94,24.2500mm,-13.5000mm,Top,0.0
R95,19.7500mm,-35.0000mm,Top,90.0
R96,20.2500mm,-17.2500mm,Top,90.0
R97,24.6000mm,-63.1900mm,Top,-90.0
R98,30.9700mm,-69.1000mm,Top,180.0
R99,29.8500mm,-63.1000mm,Top,0.0
R100,61.0000mm,-13.0000mm,Top,90.0
R101,12.7500mm,-30.5000mm,Top,0.0
R104,66.5000mm,-13.7500mm,Top,90.0
SW1,57.4950mm,-58.5450mm,Top,0.0
SW2,57.4950mm,-65.0450mm,Top,0.0
TH1,42.2500mm,-57.5000mm,Top,90.0
U1,8.5000mm,-66.0000mm,Top,0.0
U2,88.0000mm,-40.0000mm,Top,0.0
U3,88.0000mm,-48.0000mm,Top,0.0
U4,88.0000mm,-56.0000mm,Top,0.0
U5,13.0000mm,-53.5000mm,Top,0.0
U6,18.0000mm,-30.0000mm,Top,0.0
U12,36.0000mm,-67.0000mm,Top,0.0
U13,52.5000mm,-20.0000mm,Top,0.0
U19,50.0000mm,-40.0000mm,Top,0.0
U20,41.0000mm,-30.0000mm,Top,0.0
U21,30.0000mm,-31.0000mm,Top,90.0
Y1,52.0000mm,-26.0000mm,Top,0.0
Y3,44.0000mm,-40.0000mm,Top,0.0
