Quantity,LCSC Part Number
1,C881921
1,C178548
49,C14663
15,C77386
4,C53987
4,C1653
7,C19666
5,C1644
4,C1588
4,C1589
7,C23630
12,C45783
12,C15850
7,C77060
4,C77092
2,C15008
2,C9002
1,C20625731
3,C8678
3,C151920
1,C2990362
4,C81598
2,C124196
2,C883126
1,C883118
1,C75464
1,C151170
1,C427307
1,C9138
1,C131337
1,C131334
1,C157993
1,C158012
2,C2297
1,C12669
1,C780205
1,C2045598
1,C42411119
1,C167882
1,C206907
1,C234188
1,C277661
1,C124375
1,C124378
1,C57369
1,C19630936
2,C5116480
1,C239344
1,C22440830
2,C5821035
1,C39843328
2,C4154405
5,C17168
10,C25803
5,C23352
14,C23162
19,C98220
6,C22775
21,C21190
4,C22935
4,C22961
4,C23151
8,C23140
5,C21189
4,C105579
4,C22984
4,C25981
7,C25190
4,C13564
4,C22859
7,C23179
4,C23153
7,C17673
4,C17521
1,C375691
4,C109227
1,C400792
1,C8545
3,C5370990
1,C51118
1,C524782
2,C7519
2,C2886898
1,C841384
1,C130101
1,C2864583
2,C107671
1,C88374
3,C2798029
1,C140303
2,C840100
1,C2856837
1,C5119087
1,C178942
1,C5305
