Designator,Value,Description / MPN,LCSC,Footprint (KiCad name),Fit,Note
J1,ISO 10487 A (via pigtail),Molex 43045-0812,C277661,Connector_Molex:Molex_Micro-Fit_3.0_43045-0812_2x04_P3.00mm_Vertical,yes,"pad n = ISO A pin n: A1 reverse lamp, A2 handbrake switch, A3 amp remote out, A4 +12V permanent, A5 remote (via R57), A6 illumination, A7 ACC, A8 GND"
F1,PTC 0.5A hold 30V,BHFUSE BSMD1206-050-30V,C883126,Fuse:Fuse_1206_3216Metric,yes,
F6,PTC 0.2A hold 30V,BHFUSE BSMD1206-020-30V,C883118,Fuse:Fuse_1206_3216Metric,yes,"own fuse for the K-line module battery feed, so a module fault cannot trip F1 (always-on supply)"
D1,SS34,SS34 40V 3A Schottky,C8678,Diode_SMD:D_SMA,yes,reverse-polarity protection
D2,SMBJ22A,SMBJ22A (BORN); alt DOWO C284010,C151920,Diode_SMD:D_SMB,yes,review 2026-09-29: 22V standoff survives a 24V jump start; 35.5V max clamp stays under the 38V limit of the TPS560430 and LMR33630
C1,10uF 50V,1206 10uF 50V X5R (Murata GRM31CR61H106KA12L),C77092,Capacitor_SMD:C_1206_3216Metric,yes,
C2,100nF,0603 100nF 50V X7R,C14663,Capacitor_SMD:C_0603_1608Metric,yes,
U1,TPS560430XDBVR,"TPS560430XDBVR 36V 600mA buck, 1.1MHz",C524782,Package_TO_SOT_SMD:SOT-23-6,yes,pinout checked against TI datasheet
C3,100nF,0603 100nF 50V X7R,C14663,Capacitor_SMD:C_0603_1608Metric,yes,
L1,18uH,"cjiang FNR4030S180MT 18uH 4x4mm shielded, Isat 1.5A, Irms 1.2A, 260 mOhm (SWPA4030S180MT C96895 discontinued at LCSC)",C167882,Inductor_SMD:L_Sunlord_SWPA4030S,yes,
R1,100k,0603 100k 1%,C25803,Resistor_SMD:R_0603_1608Metric,yes,
R2,24k,0603 24k 1%,C23352,Resistor_SMD:R_0603_1608Metric,yes,Vout = 1.0V x (1 + 100k/24k) = 5.17V
C4,22uF,0805 22uF 25V X5R,C45783,Capacitor_SMD:C_0805_2012Metric,yes,
F2,PTC 0.75A hold 30V,Littelfuse 1812L075/33DR,C151170,Fuse:Fuse_1812_4532Metric,yes,
D4,SS34,SS34 40V 3A Schottky,C8678,Diode_SMD:D_SMA,yes,
D5,SMBJ22A,SMBJ22A (BORN); alt DOWO C284010,C151920,Diode_SMD:D_SMB,yes,review 2026-09-29: 22V standoff survives a 24V jump start; 35.5V max clamp stays under the 38V limit of the TPS560430 and LMR33630
C5,100nF,0603 100nF 50V X7R,C14663,Capacitor_SMD:C_0603_1608Metric,yes,
R3,4.7kΩ 0805,0805 4.7k 1%,C17673,Resistor_SMD:R_0805_2012Metric,yes,
D6,1N4148W,1N4148W,C81598,Diode_SMD:D_SOD-123,yes,reverse-voltage clamp across opto LED
U2,EL817S1(C),EL817S1(C)(TU)-F (EL817S1(C)(TU)-FV),C470884,Package_DIP:SMDIP-4_W7.62mm,yes,
R4,4.7k,0603 4.7k 1%,C23162,Resistor_SMD:R_0603_1608Metric,yes,
C6,100nF,0603 100nF 50V X7R,C14663,Capacitor_SMD:C_0603_1608Metric,yes,
R5,4.7kΩ 0805,0805 4.7k 1%,C17673,Resistor_SMD:R_0805_2012Metric,yes,
D7,1N4148W,1N4148W,C81598,Diode_SMD:D_SOD-123,yes,reverse-voltage clamp across opto LED
U3,EL817S1(C),EL817S1(C)(TU)-F (EL817S1(C)(TU)-FV),C470884,Package_DIP:SMDIP-4_W7.62mm,yes,
R6,4.7k,0603 4.7k 1%,C23162,Resistor_SMD:R_0603_1608Metric,yes,
C7,100nF,0603 100nF 50V X7R,C14663,Capacitor_SMD:C_0603_1608Metric,yes,
R29,4.7kΩ 0805,0805 4.7k 1%,C17673,Resistor_SMD:R_0805_2012Metric,yes,
D11,1N4148W,1N4148W,C81598,Diode_SMD:D_SOD-123,yes,reverse-voltage clamp across opto LED
U4,EL817S1(C),EL817S1(C)(TU)-F (EL817S1(C)(TU)-FV),C470884,Package_DIP:SMDIP-4_W7.62mm,yes,
R30,4.7k,0603 4.7k 1%,C23162,Resistor_SMD:R_0603_1608Metric,yes,
C10,100nF,0603 100nF 50V X7R,C14663,Capacitor_SMD:C_0603_1608Metric,yes,
R31,4.7kΩ 0805,0805 4.7k 1%,C17673,Resistor_SMD:R_0805_2012Metric,yes,"PARK input: LED fed from ACC, handbrake switch pulls cathode to ground"
U5,EL817S1(C),EL817S1(C)(TU)-F (EL817S1(C)(TU)-FV),C470884,Package_DIP:SMDIP-4_W7.62mm,yes,
D12,1N4148W,1N4148W,C81598,Diode_SMD:D_SOD-123,yes,series diode: blocks reverse voltage when ACC is off
R32,4.7k,0603 4.7k 1%,C23162,Resistor_SMD:R_0603_1608Metric,yes,
C11,100nF,0603 100nF 50V X7R,C14663,Capacitor_SMD:C_0603_1608Metric,yes,
C8,100nF,0603 100nF 50V X7R,C14663,Capacitor_SMD:C_0603_1608Metric,yes,
R57,0Ω,0603 0 1%,C21189,Resistor_SMD:R_0603_1608Metric,DNP,DNP: fit to also put the amp remote on ISO A5 (the usual antenna/amp remote pin)
Q2,P-MOSFET -60V,onsemi FDN5618P -60V P-MOSFET (check 1=G 2=S 3=D in datasheet),C400792,Package_TO_SOT_SMD:SOT-23,yes,review: AO3401A (-30V) was below the 35.5V TVS clamp
R13,10k,YAGEO RC0603FR-0710KL 0603 10k 1%,C98220,Resistor_SMD:R_0603_1608Metric,yes,
D8,BZT52C12,BZT52C12-7-F 12V zener,C124196,Diode_SMD:D_SOD-123,yes,Vgs clamp
R14,10k,YAGEO RC0603FR-0710KL 0603 10k 1%,C98220,Resistor_SMD:R_0603_1608Metric,yes,
Q3,2N7002,JSCJ 2N7002,C8545,Package_TO_SOT_SMD:SOT-23,yes,"review: drain sees ACC through R13, so it needs more than 30V"
R16,100Ω,0603 100 1%,C22775,Resistor_SMD:R_0603_1608Metric,yes,
R15,100k,0603 100k 1%,C25803,Resistor_SMD:R_0603_1608Metric,yes,amp off while the MCU is in reset
F3,PTC 0.5A hold 30V,BHFUSE BSMD1206-050-30V,C883126,Fuse:Fuse_1206_3216Metric,yes,own fuse: a shorted remote wire cannot pull down ACC
D9,SS34,SS34 40V 3A Schottky,C8678,Diode_SMD:D_SMA,yes,clamps inductive kick from the remote wire
D13,SMBJ22A,SMBJ22A (BORN); alt DOWO C284010,C151920,Diode_SMD:D_SMB,yes,review 2026-09-29: 22V standoff survives a 24V jump start; 35.5V max clamp stays under the 38V limit of the TPS560430 and LMR33630
R18,4.7k,0603 4.7k 1%,C23162,Resistor_SMD:R_0603_1608Metric,yes,
D10,LED green,KT-0805G green LED,C2297,LED_SMD:LED_0805_2012Metric,yes,amp remote on
R7,1k,0603 1k 1%,C21190,Resistor_SMD:R_0603_1608Metric,yes,VIM3 on/off sense
R8,4.7k,0603 4.7k 1%,C23162,Resistor_SMD:R_0603_1608Metric,yes,
R10,1M,0603 1M 1%,C22935,Resistor_SMD:R_0603_1608Metric,yes,battery sense: 14.4V -> 2.6V
R11,220k,0603 220k 1%,C22961,Resistor_SMD:R_0603_1608Metric,yes,
C9,100nF,0603 100nF 50V X7R,C14663,Capacitor_SMD:C_0603_1608Metric,yes,
JP1,SERVICE jumper,1x2 male header 2.54mm + jumper cap C5305,C124375,Connector_PinHeader_2.54mm:PinHeader_1x02_P2.54mm_Vertical,yes,
R9,4.7k,0603 4.7k 1%,C23162,Resistor_SMD:R_0603_1608Metric,yes,
J10,K-line module socket,"CJT A2541HWV-2x4P 2x4 2.54mm female socket, 8.5mm body",C239344,Connector_PinSocket_2.54mm:PinSocket_2x04_P2.54mm_Vertical,yes,"K-line module plugs in here: 3V3, UART TX/RX (GP32/GP33), enable (GP28), VBAT_KLINE (via F6), 5V_AON"
U6,LP5907MFX-3.3,TI LP5907MFX-3.3/NOPB 250mA LDO (TECH PUBLIC TPLP5907MFX-3.3 clone; TI part out of stock at LCSC),C5370990,Package_TO_SOT_SMD:SOT-23-5,yes,"GNSS supply, switched by MCU GP9"
C12,1uF,0603 1uF 50V X5R (Murata GRM188R61H105KAALD),C77386,Capacitor_SMD:C_0603_1608Metric,yes,
R35,100k,0603 100k 1%,C25803,Resistor_SMD:R_0603_1608Metric,yes,GNSS off by default
C13,1uF,0603 1uF 50V X5R (Murata GRM188R61H105KAALD),C77386,Capacitor_SMD:C_0603_1608Metric,yes,
R37,1k,0603 1k 1%,C21190,Resistor_SMD:R_0603_1608Metric,yes,
R38,1k,0603 1k 1%,C21190,Resistor_SMD:R_0603_1608Metric,yes,
R39,1k,0603 1k 1%,C21190,Resistor_SMD:R_0603_1608Metric,yes,firmware drives low only to reset
R40,1k,0603 1k 1%,C21190,Resistor_SMD:R_0603_1608Metric,yes,
R100,1k,0603 1k 1%,C21190,Resistor_SMD:R_0603_1608Metric,yes,GNSS NMEA also to VIM3 UART_C (header pin 15) for the existing GNSS HAL / kernel gnss driver
R101,1k,0603 1k 1%,C21190,Resistor_SMD:R_0603_1608Metric,yes,VIM3 UART_C TX (header pin 16)
JP2,GNSS RX source,"3-pad solder jumper (PCB copper, no part)",,Jumper:SolderJumper-3_P1.3mm_Bridged12_RoundedPad1.0x1.5mm,yes,"who talks to the receiver: 1-2 (default, bridged) = VIM3 UART_C, 2-3 = MCU UART0. GNSS TX always goes to both."
J27,GNSS module socket,"kinghelm KH-2.54FH-2X8P-H8.5 2x8 2.54mm female socket, 8.5mm body",C22440830,Connector_PinSocket_2.54mm:PinSocket_2x08_P2.54mm_Vertical,yes,"GNSS module plugs in here: switched 3V3 (U6), backup 3V3, UART, USB, reset, PPS, safeboot"
U22,AQY210S,"Panasonic AQY210S PhotoMOS 350V 120mA 1 Form A, SOP-4 (own stock)",,Package_SO:SO-4_4.4x4.3mm_P2.54mm,yes,"bottom side next to J5. Output shorts the two J5 pins (the VIM3 POWER key pads), isolated; LED from GPIO15 through R12"
R12,390Ω,UNI-ROYAL 0603WAF3900T5E 390 1%,C23151,Resistor_SMD:R_0603_1608Metric,yes,"U22 LED current, ~5 mA from 3.3 V"
J5,VIM3 POWER key lead,JST B2B-PH-K-S,C131337,Connector_JST:JST_PH_B2B-PH-K_1x02_P2.00mm_Vertical,yes,wire to the VIM3 power-key pad
R23,100Ω,0603 100 1%,C22775,Resistor_SMD:R_0603_1608Metric,yes,
R24,100Ω,0603 100 1%,C22775,Resistor_SMD:R_0603_1608Metric,yes,
R33,4.7k,0603 4.7k 1%,C23162,Resistor_SMD:R_0603_1608Metric,yes,
R34,4.7k,0603 4.7k 1%,C23162,Resistor_SMD:R_0603_1608Metric,yes,
J7,BH1750 light sensor,JST B4B-PH-K-S,C131334,Connector_JST:JST_PH_B4B-PH-K_1x04_P2.00mm_Vertical,yes,
R58,10k,YAGEO RC0603FR-0710KL 0603 10k 1%,C98220,Resistor_SMD:R_0603_1608Metric,yes,
R59,1k,0603 1k 1%,C21190,Resistor_SMD:R_0603_1608Metric,yes,
C42,100nF,0603 100nF 50V X7R,C14663,Capacitor_SMD:C_0603_1608Metric,yes,
R60,10k,YAGEO RC0603FR-0710KL 0603 10k 1%,C98220,Resistor_SMD:R_0603_1608Metric,yes,
R61,1k,0603 1k 1%,C21190,Resistor_SMD:R_0603_1608Metric,yes,
C43,100nF,0603 100nF 50V X7R,C14663,Capacitor_SMD:C_0603_1608Metric,yes,
R62,10k,YAGEO RC0603FR-0710KL 0603 10k 1%,C98220,Resistor_SMD:R_0603_1608Metric,yes,
R63,1k,0603 1k 1%,C21190,Resistor_SMD:R_0603_1608Metric,yes,
C44,100nF,0603 100nF 50V X7R,C14663,Capacitor_SMD:C_0603_1608Metric,yes,
R64,10k,YAGEO RC0603FR-0710KL 0603 10k 1%,C98220,Resistor_SMD:R_0603_1608Metric,yes,
R65,1k,0603 1k 1%,C21190,Resistor_SMD:R_0603_1608Metric,yes,
C45,100nF,0603 100nF 50V X7R,C14663,Capacitor_SMD:C_0603_1608Metric,yes,
J12,Display buttons,JST B5B-PH-K-S,C157993,Connector_JST:JST_PH_B5B-PH-K_1x05_P2.00mm_Vertical,yes,"momentary buttons to ground: 1 screen off, 2 volume up, 3 volume down, 4 mute, 5 GND"
R42,33Ω,0603 33 1%,C23140,Resistor_SMD:R_0603_1608Metric,yes,
R43,33Ω,0603 33 1%,C23140,Resistor_SMD:R_0603_1608Metric,yes,
R44,33Ω,0603 33 1%,C23140,Resistor_SMD:R_0603_1608Metric,yes,
R45,33Ω,0603 33 1%,C23140,Resistor_SMD:R_0603_1608Metric,yes,
R46,1k,0603 1k 1%,C21190,Resistor_SMD:R_0603_1608Metric,yes,limits back-feed when the VIM3 (DAC supply) is off
R47,10k,YAGEO RC0603FR-0710KL 0603 10k 1%,C98220,Resistor_SMD:R_0603_1608Metric,yes,DACs muted unless the MCU unmutes
J23,Audio module socket,"CJT A2541HWV-2x10P 2x10 2.54mm female socket, 8.5mm body",C5821035,Connector_PinSocket_2.54mm:PinSocket_2x10_P2.54mm_Vertical,yes,"audio module plugs in here; 5V, I2S, DAC mute, MCU I2C and the four line outs"
J2,VIM3 40-pin via 2x20 IDC ribbon,BOOMELE 2.54-2*20P box header (check it is shrouded),C9138,Connector_IDC:IDC-Header_2x20_P2.54mm_Vertical,yes,pin names are VIM3 numbers (Vn); pad numbers are IDC odd/even
J8,ISO 10487 C1 (via pigtail),Molex 43045-0612,C234188,Connector_Molex:Molex_Micro-Fit_3.0_43045-0612_2x03_P3.00mm_Vertical,yes,"pad n = ISO C1 pin n: 1 rear L, 2 rear R, 3 front L, 4 front R, 5 line-out ground, 6 remote"
R56,0Ω,0603 0 1%,C21189,Resistor_SMD:R_0603_1608Metric,yes,"ground-lift option: fit 0R, or 10R if the amp hums (alternator whine)"
J13,HDMI in (from VIM3),Amphenol 10029449-111RLF (plating variant of -001RLF; confirm land pattern),C427307,Connector_Video:HDMI_A_Amphenol_10029449-x01xLF_Horizontal,yes,"short HDMI cable from the VIM3. Route TMDS pairs as 100 ohm differential, length-matched"
J14,Display FPC 40P 0.5mm,"XUNPU FPC-05FB-40PH20, 40P 0.5mm dual-contact flip-top 2.0mm (pads numbered by panel pin: pin 1 on the right, ribbon leaving the edge)",C2856837,carradio:XUNPU_FPC-05FB-40PH20,yes,"pinout from the Waveshare HDMI LCD Adapter schematic (Glenn, 2026-09-29): 1-3 = 12V (NC on the adapter, R1 not fitted), 4-6 = 5V, 7 = 3V3 out from the panel (unused), 8-10 GND, 29-32 audio (unused), 38-40 KEY/IO0/IO1 (unused), mounting tabs = GND"
C46,10uF,0805 10uF 25V X5R,C15850,Capacitor_SMD:C_0805_2012Metric,yes,at FPC 5V pins
C47,100nF,0603 100nF 50V X7R,C14663,Capacitor_SMD:C_0603_1608Metric,yes,
F4,7.5A fuse,Littelfuse 01530008Z mini blade holder + fuse C178942 Littelfuse 029707.5WXNV 7.5A,C206907,carradio:Littelfuse_01530008Z,yes,feeds the VIM3 supply from permanent +12V (ISO A4)
Q10,P-MOSFET -40V,NCE40P70K -40V 10 mOhm P-MOSFET TO-252 (alt Diodes DMP4015SK3-13 C513222),C130101,Package_TO_SOT_SMD:TO-252-2,yes,"reverse-polarity protection, no diode drop"
D15,BZT52C12,BZT52C12-7-F 12V zener,C124196,Diode_SMD:D_SOD-123,yes,Vgs clamp
R66,10k,YAGEO RC0603FR-0710KL 0603 10k 1%,C98220,Resistor_SMD:R_0603_1608Metric,yes,
D14,Load-dump TVS,"Liown 5.0SMDJ22A, 5 kW SMC",C2990362,Diode_SMD:D_SMC,yes,"SM8S: 6.6 kW, rated for ISO 16750 load dump. 24.4V min breakdown (survives a 24V jump start), 35.5V max clamp, under the 38V limit of U15 and 40V of U12"
C48,100uF 50V,Panasonic EEEFK1H101P 100uF 50V 8x10.2,C178548,Capacitor_SMD:CP_Elec_8x10,yes,bulk + input damping
C49,10uF 50V,1206 10uF 50V X5R (Murata GRM31CR61H106KA12L),C77092,Capacitor_SMD:C_1206_3216Metric,yes,
C50,10uF 50V,1206 10uF 50V X5R (Murata GRM31CR61H106KA12L),C77092,Capacitor_SMD:C_1206_3216Metric,yes,
U12,TPS55288RPMR,TI TPS55288RPMR,C2864583,carradio:TPS55288RPMR_VQFN-HR-26,yes,"pinout from TI datasheet SLVSF01B Table 5-1. Powers up with output off: the MCU enables it over I2C (address 0x74, OE bit) after EN goes high. Default 5.0V"
R67,0Ω,0603 0 1%,C21189,Resistor_SMD:R_0603_1608Metric,yes,"MODE = 0 ohm: internal VCC, I2C 0x74, forced PWM"
R68,47k,0603 47k 1% (YAGEO RC0603FR-0747KL),C105579,Resistor_SMD:R_0603_1608Metric,yes,fsw = 1000/(0.05 x 47000 + 20) = 422 kHz
R69,30k,UNI-ROYAL 0603WAF3002T5E,C22984,Resistor_SMD:R_0603_1608Metric,yes,"average inductor current limit = 330000/R = 11 A (max ~12.7 A), below L3 saturation; still covers 25 W out at 3 V in"
R70,100k,0603 100k 1%,C25803,Resistor_SMD:R_0603_1608Metric,yes,
R71,8.2k,0603 8.2k 1%,C25981,Resistor_SMD:R_0603_1608Metric,yes,"compensation calculated for fc ~2.5-4 kHz, Cout ~60uF effective; check on the bench"
C54,4.7nF,0603 4.7nF 50V X7R,C53987,Capacitor_SMD:C_0603_1608Metric,yes,
C55,22pF,0603 22pF 50V C0G,C1653,Capacitor_SMD:C_0603_1608Metric,yes,
R72,100k,0603 100k 1%,C25803,Resistor_SMD:R_0603_1608Metric,yes,VIM3 supply off unless the MCU enables it
R73,1k,0603 1k 1%,C21190,Resistor_SMD:R_0603_1608Metric,yes,
Q11,CSD18543Q3A,TI CSD18543Q3A 60V 8.5mOhm N-MOSFET,C840100,Package_SON:VSON-8_3.3x3.3mm_P0.65mm_NexFET,yes,buck-side high-side switch
Q12,CSD18543Q3A,TI CSD18543Q3A 60V 8.5mOhm N-MOSFET,C840100,Package_SON:VSON-8_3.3x3.3mm_P0.65mm_NexFET,yes,buck-side low-side switch
C51,100nF,0603 100nF 50V X7R,C14663,Capacitor_SMD:C_0603_1608Metric,yes,
L3,4.7uH 12A+,"Bourns SRP1265A-4R7M 4.7uH Isat 28A 8.4 mOhm, 13.5x12.5mm (SRP1245A land pattern)",C780205,Inductor_SMD:L_Bourns_SRP1245A,yes,
C52,100nF,0603 100nF 50V X7R,C14663,Capacitor_SMD:C_0603_1608Metric,yes,
C53,4.7uF,0603 4.7uF 16V X5R,C19666,Capacitor_SMD:C_0603_1608Metric,yes,VCC; join AGND to PGND at this capacitor
C56,22uF,0805 22uF 25V X5R,C45783,Capacitor_SMD:C_0805_2012Metric,yes,
C57,22uF,0805 22uF 25V X5R,C45783,Capacitor_SMD:C_0805_2012Metric,yes,
C58,22uF,0805 22uF 25V X5R,C45783,Capacitor_SMD:C_0805_2012Metric,yes,
C59,22uF,0805 22uF 25V X5R,C45783,Capacitor_SMD:C_0805_2012Metric,yes,
C60,220uF 10V polymer,Lelon OVZ221M1CTR-0608 polymer 220uF 16V,C881921,Capacitor_SMD:CP_Elec_6.3x7.7,yes,
R74,10mΩ 2512,Yageo PA2512FKE7T0R01E 10 mOhm 1% 3W,C375691,Resistor_SMD:R_2512_6332Metric,yes,"ISP/ISN sense: 50 mV default = 5 A output current limit, adjustable to 6.35 A over I2C"
J18,VIM3 VIN (JST-XH 2P),JST B2B-XH-A,C158012,Connector_JST:JST_XH_B2B-XH-A_1x02_P2.50mm_Vertical,yes,"mates with Glenn's existing VIM3 VIN lead: pin 1 +, pin 2 -. VIM3 VIN accepts 5-12V (Khadas docs)"
U13,CH334R,"WCH CH334R 4-port USB 2.0 hub, QSOP-16",C4154405,Package_SO:QSOP-16_3.9x4.9mm_P0.635mm,yes,pinout checked against WCH CH334 datasheet (CH334R column). Upstream = VIM3 header pins 3/4 (VIM3 hub port 4)
Y1,12MHz,YXC X322512MSB4SI 12MHz,C9002,Crystal:Crystal_SMD_3225-4Pin_3.2x2.5mm,yes,CH334R has built-in load capacitors
C61,1uF,0603 1uF 50V X5R (Murata GRM188R61H105KAALD),C77386,Capacitor_SMD:C_0603_1608Metric,yes,at V5
C62,10uF,0805 10uF 25V X5R,C15850,Capacitor_SMD:C_0805_2012Metric,yes,
C63,100nF,0603 100nF 50V X7R,C14663,Capacitor_SMD:C_0603_1608Metric,yes,
J25,USB module socket,"CJT A2541HWV-2x10P 2x10 2.54mm female socket, 8.5mm body",C5821035,Connector_PinSocket_2.54mm:PinSocket_2x10_P2.54mm_Vertical,yes,"USB module plugs in here: 12V in for its 5V/3A supply, 5V for hub 2 and the SDR port, two USB pairs, enable and status"
U20,RP2354B,Raspberry Pi RP2354B QFN-80 (RP2350B with 2 MB flash in the package; the RP2350B C42415655 is not sold outside China by LCSC). U21 stays unfitted.,C39843328,Package_DFN_QFN:QFN-80-1EP_10x10mm_P0.4mm_EP3.4x3.4mm,yes,"GPIO map: rev 0.4 README (re-assigned for routing). ADCs stay on GPIO40-42 (only GPIO40-47 have ADC); GNSS on UART1 (GPIO4/5), I2C on I2C1 (GPIO30/31)"
U19,AP2112K-3.3,Diodes AP2112K-3.3TRG1,C51118,Package_TO_SOT_SMD:SOT-23-5,yes,"MCU, GNSS backup, light sensor, pull-ups; replaces the Pico 2 regulator"
C80,1uF,0603 1uF 50V X5R (Murata GRM188R61H105KAALD),C77386,Capacitor_SMD:C_0603_1608Metric,yes,
C81,10uF,0805 10uF 25V X5R,C15850,Capacitor_SMD:C_0805_2012Metric,yes,
L5,3.3uH,Abracon AOTA-B201610S3R3-101-T 3.3uH (Raspberry Pi reference part),C42411119,Inductor_SMD:L_Murata_DFE201610P,yes,"Raspberry Pi reference part. Its orientation affects the regulator (hardware design guide): copy the Pico 2 layout for L5, C82, C83"
C82,4.7uF,0603 4.7uF 16V X5R,C19666,Capacitor_SMD:C_0603_1608Metric,yes,"VREG_VIN, next to pin 64"
C83,4.7uF,0603 4.7uF 16V X5R,C19666,Capacitor_SMD:C_0603_1608Metric,yes,"DVDD / VREG_FB output cap, next to the inductor"
R80,33Ω,0603 33 1%,C23140,Resistor_SMD:R_0603_1608Metric,yes,VREG_AVDD filter (Pico 2: 33R + 4.7uF)
C84,4.7uF,0603 4.7uF 16V X5R,C19666,Capacitor_SMD:C_0603_1608Metric,yes,
C85,100nF,0603 100nF 50V X7R,C14663,Capacitor_SMD:C_0603_1608Metric,yes,at IOVDD 5
C86,100nF,0603 100nF 50V X7R,C14663,Capacitor_SMD:C_0603_1608Metric,yes,at IOVDD 15
C87,100nF,0603 100nF 50V X7R,C14663,Capacitor_SMD:C_0603_1608Metric,yes,at IOVDD 24
C88,100nF,0603 100nF 50V X7R,C14663,Capacitor_SMD:C_0603_1608Metric,yes,at IOVDD 29
C89,100nF,0603 100nF 50V X7R,C14663,Capacitor_SMD:C_0603_1608Metric,yes,at IOVDD 41
C90,100nF,0603 100nF 50V X7R,C14663,Capacitor_SMD:C_0603_1608Metric,yes,at IOVDD 50
C91,100nF,0603 100nF 50V X7R,C14663,Capacitor_SMD:C_0603_1608Metric,yes,at IOVDD 60
C92,100nF,0603 100nF 50V X7R,C14663,Capacitor_SMD:C_0603_1608Metric,yes,at IOVDD 76
C93,100nF,0603 100nF 50V X7R,C14663,Capacitor_SMD:C_0603_1608Metric,yes,at DVDD 10
C94,100nF,0603 100nF 50V X7R,C14663,Capacitor_SMD:C_0603_1608Metric,yes,at DVDD 32
C95,100nF,0603 100nF 50V X7R,C14663,Capacitor_SMD:C_0603_1608Metric,yes,at DVDD 51
C96,100nF,0603 100nF 50V X7R,C14663,Capacitor_SMD:C_0603_1608Metric,yes,at ADC_AVDD 59
C97,100nF,0603 100nF 50V X7R,C14663,Capacitor_SMD:C_0603_1608Metric,yes,at USB_OTP_VDD 68 + QSPI_IOVDD 69
U21,W25Q128JVS,Winbond W25Q128JVSIQ (tube packaging),C113767,Package_SO:SOIC-8_5.3x5.3mm_P1.27mm,no,"Not fitted with the RP2354B (U20 has 2 MB internal flash on the same QSPI pins). Fit only with an RP2350B, then 16 MB."
C98,100nF,0603 100nF 50V X7R,C14663,Capacitor_SMD:C_0603_1608Metric,yes,at flash VCC
R81,1k,0603 1k 1%,C21190,Resistor_SMD:R_0603_1608Metric,yes,
SW1,BOOTSEL,E-Switch TL3342F160QG,C2886898,Button_Switch_SMD:SW_SPST_TL3342,yes,hold while resetting to enter the USB bootloader
Y3,12MHz,Abracon ABM8-272-T3 12MHz (Raspberry Pi reference part),C20625731,Crystal:Crystal_SMD_3225-4Pin_3.2x2.5mm,yes,
R82,1k,0603 1k 1%,C21190,Resistor_SMD:R_0603_1608Metric,yes,series resistor on XOUT
C99,15pF,Samsung CL10C150JB8NNNC 15pF C0G,C1644,Capacitor_SMD:C_0603_1608Metric,yes,
C100,15pF,Samsung CL10C150JB8NNNC 15pF C0G,C1644,Capacitor_SMD:C_0603_1608Metric,yes,
R83,27Ω,UNI-ROYAL 0603WAF270JT5E 27R,C25190,Resistor_SMD:R_0603_1608Metric,yes,USB series termination
R84,27Ω,UNI-ROYAL 0603WAF270JT5E 27R,C25190,Resistor_SMD:R_0603_1608Metric,yes,
J22,SWD,1x4 male header 2.54mm,C124378,Connector_PinHeader_2.54mm:PinHeader_1x04_P2.54mm_Vertical,yes,"Debug probe: SWCLK, GND, SWDIO, RUN"
R85,10k,YAGEO RC0603FR-0710KL 0603 10k 1%,C98220,Resistor_SMD:R_0603_1608Metric,yes,
C101,100nF,0603 100nF 50V X7R,C14663,Capacitor_SMD:C_0603_1608Metric,yes,
SW2,RESET,E-Switch TL3342F160QG,C2886898,Button_Switch_SMD:SW_SPST_TL3342,yes,
R86,1k,0603 1k 1%,C21190,Resistor_SMD:R_0603_1608Metric,yes,
D16,LED green,KT-0805G green LED,C2297,LED_SMD:LED_0805_2012Metric,yes,status LED (Pico LED was on GP25)
R87,10k,YAGEO RC0603FR-0710KL 0603 10k 1%,C98220,Resistor_SMD:R_0603_1608Metric,yes,TPS2561 FAULT1: port 1 over-current
R88,10k,YAGEO RC0603FR-0710KL 0603 10k 1%,C98220,Resistor_SMD:R_0603_1608Metric,yes,TPS2561 FAULT2: port 2 over-current
R89,10k,YAGEO RC0603FR-0710KL 0603 10k 1%,C98220,Resistor_SMD:R_0603_1608Metric,yes,LMR33630 power good
R90,1k,0603 1k 1%,C21190,Resistor_SMD:R_0603_1608Metric,yes,"firmware pulls low to reset hub 1 (e.g. while the VIM3 is off), otherwise input"
R104,10k,YAGEO RC0603FR-0710KL 0603 10k 1%,C98220,Resistor_SMD:R_0603_1608Metric,yes,keeps hub 1 out of reset on a blank MCU (RP2350 pads default to pull-down)
R79,1k,0603 1k 1%,C21190,Resistor_SMD:R_0603_1608Metric,yes,firmware keeps this an input; low at GNSS power-up = u-blox safeboot
R91,10k,YAGEO RC0603FR-0710KL 0603 10k 1%,C98220,Resistor_SMD:R_0603_1608Metric,yes,5V system rail monitor: /2
R92,10k,YAGEO RC0603FR-0710KL 0603 10k 1%,C98220,Resistor_SMD:R_0603_1608Metric,yes,
C102,100nF,0603 100nF 50V X7R,C14663,Capacitor_SMD:C_0603_1608Metric,yes,
R93,10k,YAGEO RC0603FR-0710KL 0603 10k 1%,C98220,Resistor_SMD:R_0603_1608Metric,yes,
TH1,NTC 10k B3950,Murata NCP18XH103F03RB 10k B3380 0603,C13564,Resistor_SMD:R_0603_1608Metric,yes,place next to the TPS55288 / LMR33630: board temperature for thermal derating
C103,100nF,0603 100nF 50V X7R,C14663,Capacitor_SMD:C_0603_1608Metric,yes,
J21,Expansion 2,BOOMELE 1x10 male header 2.54mm,C57369,Connector_PinHeader_2.54mm:PinHeader_1x10_P2.54mm_Vertical,yes,"spare GPIOs (e.g. CAN, extra UART/SPI); numbers in the net names"
R94,4.7k,0603 4.7k 1%,C23162,Resistor_SMD:R_0603_1608Metric,yes,RP2350-E9: PPS floats while the GNSS supply is off
R95,4.7k,0603 4.7k 1%,C23162,Resistor_SMD:R_0603_1608Metric,yes,RP2350-E9: UART RX floats while the GNSS supply is off
R96,100k,0603 100k 1%,C25803,Resistor_SMD:R_0603_1608Metric,yes,backlight off while the MCU is in reset or booting
R97,0Ω,UNI-ROYAL 0402WGF0000TCE 0402 0R,C17168,Resistor_SMD:R_0402_1005Metric,yes,DR1H gate resistor: 0 ohm by default; 2.2-4.7 ohm slows SW1 edges (check dead time on a scope first)
R98,0Ω,UNI-ROYAL 0402WGF0000TCE 0402 0R,C17168,Resistor_SMD:R_0402_1005Metric,yes,DR1L gate resistor: 0 ohm by default; 2.2-4.7 ohm slows SW1 edges (check dead time on a scope first)
C104,1nF,Samsung CL10B102KB8NNNC 0603 1nF 50V X7R,C1588,Capacitor_SMD:C_0603_1608Metric,yes,SW1 RC snubber; about 0.08 W in R99 at 14 V and 422 kHz
R99,2.2Ω 0805,UNI-ROYAL 0805W8F220KT5E 0805 2.2R 125mW,C17521,Resistor_SMD:R_0805_2012Metric,yes,SW1 RC snubber resistor
