Comment,Designator,Footprint,JLCPCB Part #
10uF 50V,C64,C_1206_3216Metric,C77092
100nF,"C65,C67,C72,C77",C_0603_1608Metric,C14663
1uF,"C66,C75",C_0603_1608Metric,C77386
22uF,"C68,C69,C70,C71",C_0805_2012Metric,C45783
100uF 6.3V,"C73,C74",C_1206_3216Metric,C15008
10uF,C76,C_0805_2012Metric,C15850
PTC 0.5A,F5,Fuse_1206_3216Metric,C75464
RTL-SDR (internal),J17,USB_A_Molex_67643_Horizontal,C2798029
External USB 1,J19,USB_A_Molex_67643_Horizontal,C2798029
External USB 2,J20,USB_A_Molex_67643_Horizontal,C2798029
8.2uH 5A,L4,L_Coilcraft_XAL6060-XXX,C2045598
100k,R75,R_0603_1608Metric,C25803
24k,R76,R_0603_1608Metric,C23352
39k,R77,R_0603_1608Metric,C23153
CH334R,U14,QSOP-16_3.9x4.9mm_P0.635mm,C4154405
LMR33630ADDA,U15,TI_SO-PowerPAD-8_ThermalVias,C841384
TPS2561DRCR,U16,VSON-10-1EP_3x3mm_P0.5mm_EP1.65x2.4mm,C140303
USBLC6-2SC6,"U17,U18",SOT-23-6,C7519
12MHz,Y2,Crystal_SMD_3225-4Pin_3.2x2.5mm,C9002
